{"Epoch": 1, "train_loss": 0.08145194884170504, "curr_acc": 0.28409090638160706, "max_acc": 0}
{"Epoch": 2, "train_loss": 0.06677815203061875, "curr_acc": 0.5113636255264282, "max_acc": 0.28409090638160706}
{"Epoch": 3, "train_loss": 0.05899487742606331, "curr_acc": 0.5037878751754761, "max_acc": 0.5113636255264282}
{"Epoch": 4, "train_loss": 0.05360323985052459, "curr_acc": 0.5378788113594055, "max_acc": 0.5113636255264282}
{"Epoch": 5, "train_loss": 0.0490311214919476, "curr_acc": 0.6212121248245239, "max_acc": 0.5378788113594055}
{"Epoch": 6, "train_loss": 0.04345811163897023, "curr_acc": 0.6553030610084534, "max_acc": 0.6212121248245239}
{"Epoch": 7, "train_loss": 0.03940671444048777, "curr_acc": 0.6439394354820251, "max_acc": 0.6553030610084534}
{"Epoch": 8, "train_loss": 0.037233735242968094, "curr_acc": 0.6666666865348816, "max_acc": 0.6553030610084534}
{"Epoch": 9, "train_loss": 0.03179552899125744, "curr_acc": 0.689393937587738, "max_acc": 0.6666666865348816}
{"Epoch": 10, "train_loss": 0.027745915138546157, "curr_acc": 0.7689394354820251, "max_acc": 0.689393937587738}
{"Epoch": 11, "train_loss": 0.025632427443804985, "curr_acc": 0.7537878751754761, "max_acc": 0.7689394354820251}
{"Epoch": 12, "train_loss": 0.024364750407745734, "curr_acc": 0.7424242496490479, "max_acc": 0.7689394354820251}
{"Epoch": 13, "train_loss": 0.023339795126744053, "curr_acc": 0.7348484992980957, "max_acc": 0.7689394354820251}
{"Epoch": 14, "train_loss": 0.022596479434629575, "curr_acc": 0.8030303120613098, "max_acc": 0.7689394354820251}
{"Epoch": 15, "train_loss": 0.020538473104619804, "curr_acc": 0.7916666865348816, "max_acc": 0.8030303120613098}
{"Epoch": 16, "train_loss": 0.01925727874999318, "curr_acc": 0.814393937587738, "max_acc": 0.8030303120613098}
{"Epoch": 17, "train_loss": 0.01740597134373863, "curr_acc": 0.8295454978942871, "max_acc": 0.814393937587738}
{"Epoch": 18, "train_loss": 0.015068107448956546, "curr_acc": 0.7916666865348816, "max_acc": 0.8295454978942871}
{"Epoch": 19, "train_loss": 0.014881684348973282, "curr_acc": 0.7878788113594055, "max_acc": 0.8295454978942871}
{"Epoch": 20, "train_loss": 0.014254158999606529, "curr_acc": 0.7992424368858337, "max_acc": 0.8295454978942871}
{"Epoch": 21, "train_loss": 0.013101678204667918, "curr_acc": 0.8560606241226196, "max_acc": 0.8295454978942871}
{"Epoch": 22, "train_loss": 0.012118315159836236, "curr_acc": 0.8295454978942871, "max_acc": 0.8560606241226196}
{"Epoch": 23, "train_loss": 0.010889631066033068, "curr_acc": 0.8560606241226196, "max_acc": 0.8560606241226196}
{"Epoch": 24, "train_loss": 0.01032063244116109, "curr_acc": 0.8371212482452393, "max_acc": 0.8560606241226196}
{"Epoch": 25, "train_loss": 0.00962901022970019, "curr_acc": 0.8333333730697632, "max_acc": 0.8560606241226196}
{"Epoch": 26, "train_loss": 0.009383466570665511, "curr_acc": 0.825757622718811, "max_acc": 0.8560606241226196}
{"Epoch": 27, "train_loss": 0.008929589602356666, "curr_acc": 0.8522727489471436, "max_acc": 0.8560606241226196}
{"Epoch": 28, "train_loss": 0.008857322795152226, "curr_acc": 0.8333333730697632, "max_acc": 0.8560606241226196}
{"Epoch": 29, "train_loss": 0.008027183128219536, "curr_acc": 0.8409091234207153, "max_acc": 0.8560606241226196}
{"Epoch": 30, "train_loss": 0.007813279451939333, "curr_acc": 0.8598484992980957, "max_acc": 0.8560606241226196}
{"Epoch": 31, "train_loss": 0.006923350645914017, "curr_acc": 0.8484848737716675, "max_acc": 0.8598484992980957}
{"Epoch": 32, "train_loss": 0.006265299449510434, "curr_acc": 0.8636363744735718, "max_acc": 0.8598484992980957}
{"Epoch": 33, "train_loss": 0.00645291104721015, "curr_acc": 0.8939394354820251, "max_acc": 0.8636363744735718}
{"Epoch": 34, "train_loss": 0.006350044072057833, "curr_acc": 0.8712121248245239, "max_acc": 0.8939394354820251}
{"Epoch": 35, "train_loss": 0.0056633238290327, "curr_acc": 0.8598484992980957, "max_acc": 0.8939394354820251}
{"Epoch": 36, "train_loss": 0.00664676125983105, "curr_acc": 0.8787878751754761, "max_acc": 0.8939394354820251}
{"Epoch": 37, "train_loss": 0.00583689785493976, "curr_acc": 0.8674242496490479, "max_acc": 0.8939394354820251}
{"Epoch": 38, "train_loss": 0.0050932110016754665, "curr_acc": 0.8901515603065491, "max_acc": 0.8939394354820251}
{"Epoch": 39, "train_loss": 0.004854797457536573, "curr_acc": 0.8598484992980957, "max_acc": 0.8939394354820251}
{"Epoch": 40, "train_loss": 0.0043615561975029245, "curr_acc": 0.8825758099555969, "max_acc": 0.8939394354820251}
{"Epoch": 41, "train_loss": 0.004639259642263984, "curr_acc": 0.8636363744735718, "max_acc": 0.8939394354820251}
{"Epoch": 42, "train_loss": 0.0045300796388319745, "curr_acc": 0.8939394354820251, "max_acc": 0.8939394354820251}
{"Epoch": 43, "train_loss": 0.004367795033270822, "curr_acc": 0.8787878751754761, "max_acc": 0.8939394354820251}
{"Epoch": 44, "train_loss": 0.0038461818715886157, "curr_acc": 0.8901515603065491, "max_acc": 0.8939394354820251}
{"Epoch": 45, "train_loss": 0.003948306058780016, "curr_acc": 0.8446969985961914, "max_acc": 0.8939394354820251}
{"Epoch": 46, "train_loss": 0.0036217314875958595, "curr_acc": 0.9015151858329773, "max_acc": 0.8939394354820251}
{"Epoch": 47, "train_loss": 0.003243760543067337, "curr_acc": 0.8712121248245239, "max_acc": 0.9015151858329773}
{"Epoch": 48, "train_loss": 0.003605243073680493, "curr_acc": 0.8636363744735718, "max_acc": 0.9015151858329773}
{"Epoch": 49, "train_loss": 0.0031140072199324254, "curr_acc": 0.8560606241226196, "max_acc": 0.9015151858329773}
{"Epoch": 50, "train_loss": 0.0029297380114097476, "curr_acc": 0.8977273106575012, "max_acc": 0.9015151858329773}
{"Epoch": 51, "train_loss": 0.002834818187265602, "curr_acc": 0.8787878751754761, "max_acc": 0.9015151858329773}
{"Epoch": 52, "train_loss": 0.002760620365734212, "curr_acc": 0.8825758099555969, "max_acc": 0.9015151858329773}
{"Epoch": 53, "train_loss": 0.002998959692537456, "curr_acc": 0.8825758099555969, "max_acc": 0.9015151858329773}
{"Epoch": 54, "train_loss": 0.0027065502320457358, "curr_acc": 0.886363685131073, "max_acc": 0.9015151858329773}
{"Epoch": 55, "train_loss": 0.002685234140645822, "curr_acc": 0.875, "max_acc": 0.9015151858329773}
{"Epoch": 56, "train_loss": 0.002552806947599439, "curr_acc": 0.8825758099555969, "max_acc": 0.9015151858329773}
{"Epoch": 57, "train_loss": 0.0023498211864053328, "curr_acc": 0.8825758099555969, "max_acc": 0.9015151858329773}
{"Epoch": 58, "train_loss": 0.0021502519606763277, "curr_acc": 0.8901515603065491, "max_acc": 0.9015151858329773}
{"Epoch": 59, "train_loss": 0.002045008389840779, "curr_acc": 0.8712121248245239, "max_acc": 0.9015151858329773}
{"Epoch": 60, "train_loss": 0.0020456767918350283, "curr_acc": 0.9015151858329773, "max_acc": 0.9015151858329773}
{"Epoch": 61, "train_loss": 0.0019204540268915212, "curr_acc": 0.875, "max_acc": 0.9015151858329773}
{"Epoch": 62, "train_loss": 0.0018737368432887118, "curr_acc": 0.875, "max_acc": 0.9015151858329773}
{"Epoch": 63, "train_loss": 0.0017514106541913113, "curr_acc": 0.8712121248245239, "max_acc": 0.9015151858329773}
{"Epoch": 64, "train_loss": 0.0018515294967287714, "curr_acc": 0.875, "max_acc": 0.9015151858329773}
{"Epoch": 65, "train_loss": 0.001793448709684205, "curr_acc": 0.8977273106575012, "max_acc": 0.9015151858329773}
{"Epoch": 66, "train_loss": 0.0015844469121742912, "curr_acc": 0.8598484992980957, "max_acc": 0.9015151858329773}
{"Epoch": 67, "train_loss": 0.0016964492833187036, "curr_acc": 0.8939394354820251, "max_acc": 0.9015151858329773}
{"Epoch": 68, "train_loss": 0.0014700678293593228, "curr_acc": 0.8901515603065491, "max_acc": 0.9015151858329773}
{"Epoch": 69, "train_loss": 0.00150118788373862, "curr_acc": 0.9015151858329773, "max_acc": 0.9015151858329773}
{"Epoch": 70, "train_loss": 0.001702613897898974, "curr_acc": 0.9015151858329773, "max_acc": 0.9015151858329773}
{"Epoch": 71, "train_loss": 0.0014442211583681295, "curr_acc": 0.8901515603065491, "max_acc": 0.9015151858329773}
{"Epoch": 72, "train_loss": 0.001411764240294681,